experiment_id,status,hypothesis,config,seed,fold,label_source_version,weak_valid_bce,gold_macro_auc_12,public_lb,notebook_version,runtime_seconds,decision,notes
e001-smoke-fold0,completed,operational 1 epoch check,configs/experiments/e001-smoke.json,20261002,0,vmohitrao Dataset 3; CC BY-NC 4.0,0.43048142436621845,0.487177986159391,,,,pipeline works; complete planned baseline,research only; best_epoch=1; gold non-use is author declaration; epoch_seconds=205.33; full runtime unavailable
p001-public-model-reproduction,scored,reproduce public model scoring,,,,,,,0.924,Version1 requested; submitted scriptVersionId=354569007; output path identifier matches,,primary scored baseline; retain successful submission and fixed source,official API COMPLETE; submitted 2026-10-02; checked 2026-10-03; saved Input versions and runtime unknown; existing submission; rechecked 2026-10-05; submission_ref=56766978; v1 source SHA fixed in submission-audit-20261005.json; historical Input versions and weights SHA remain unknown
e002-baseline-fold0,completed,only epochs changed 1 -> 5; initialized from scratch,configs/baseline.json,20261002,0,vmohitrao Dataset 3; CC BY-NC 4.0,0.43048142436621845,0.487177986159391,,,1082.8286294999998,retain as engineering comparison; submission eligibility pending,research only; best_epoch=1; gold non-use is author declaration; runtime includes cache preflight and gold; public_lb unmeasured
q001-train-fit,diagnostic_completed,memorization diagnostic on16 training studies; not holdout evaluation,configs/experiments/q001-train-fit.json,20261002,0,vmohitrao Dataset 3; local research,,,,,146.77670000000217,optimization fits selected examples; investigate train/eval BN gap,diagnostic_train_BCE only: initial .694520; best .124106 at epoch32; gold cache not loaded/evaluated; weak CV/public unmeasured
e003-control-random,completed,A: reproduce e002 with neutral epoch diagnostics,configs/experiments/e003-control-random.json,20261002,0,vmohitrao Dataset3; CC BY-NC4.0; non-commercial research,0.43048142436621845,,,,1104.2883881999878,retain as controlled reference,"best_epoch=1; weak_macro_auc_12=0.5570226156558825; gold disabled; public unmeasured; runtime includes cache preflight, imports excluded; source eligibility evidence recorded 20261004"
e004-random-imagenet,completed,B: change normalization only relative to A,configs/experiments/e004-random-imagenet.json,20261002,0,vmohitrao Dataset3; CC BY-NC4.0; non-commercial research,0.4119921188007293,,,,1043.5872320000053,retain as controlled reference,"best_epoch=1; weak_macro_auc_12=0.6446520158045393; gold disabled; public unmeasured; runtime includes cache preflight, imports excluded; source eligibility evidence recorded 20261004"
e005-pretrained-imagenet,completed,C: change encoder initialization only relative to B,configs/experiments/e005-pretrained-imagenet.json,20261002,0,vmohitrao Dataset3; CC BY-NC4.0; non-commercial research,0.3713948995737489,,,,1039.358229599995,provisional new local baseline; confirm paired fold1 and early scoring,"best_epoch=2; weak_macro_auc_12=0.7668950458344722; gold disabled; public unmeasured; runtime includes cache preflight, imports excluded; source eligibility evidence recorded 20261004"
e006-random-imagenet-fold1,completed,B fold1 paired initialization control,configs/experiments/e004-random-imagenet.json,20261002,1,vmohitrao Dataset3; CC BY-NC4.0; non-commercial research,0.4149572354584899,,,,1057.3861175000056,retain paired control,selection=bce; selected_epoch=5; weak_macro_auc_12=0.6385377399704473; auxiliary_11_auc=0.6155369534447991; bce_best_epoch=5; actual_updates=4142; opportunities=4145; amp_skips=3; gold disabled; public unmeasured; runtime includes cache preflight and source verification; imports excluded
e007-pretrained-imagenet-fold1,completed,C fold1 initialization-only comparison,configs/experiments/e005-pretrained-imagenet.json,20261002,1,vmohitrao Dataset3; CC BY-NC4.0; non-commercial research,0.37693114768344715,,,,1051.6370650000026,pretraining gain reproduced in fold1,selection=bce; selected_epoch=3; weak_macro_auc_12=0.7320502783820059; auxiliary_11_auc=0.7240361050015509; bce_best_epoch=3; actual_updates=4143; opportunities=4145; amp_skips=2; gold disabled; public unmeasured; runtime includes cache preflight and source verification; imports excluded
e008-pretrained20-auc,completed,C20 duration extension with predeclared AUC selection,configs/experiments/e008-pretrained20-auc.json,20261002,0,vmohitrao Dataset3; CC BY-NC4.0; non-commercial research,0.630828931344588,,,,4026.7112901000073,retain AUC candidate; duration gain uncertain,selection=auc; selected_epoch=8; weak_macro_auc_12=0.7844098454841361; auxiliary_11_auc=0.7666289223463302; bce_best_epoch=2; actual_updates=16932; opportunities=16940; amp_skips=8; gold disabled; public unmeasured; runtime includes cache preflight and source verification; imports excluded
e009-pretrained20-auc-bnfreeze,completed,C20 BN running statistics freeze only,configs/experiments/e009-pretrained20-auc-bnfreeze.json,20261002,0,vmohitrao Dataset3; CC BY-NC4.0; non-commercial research,0.37304746405136474,,,,3889.9685513000004,provisional BN-frozen candidate; confirm fold1 and Public,selection=auc; selected_epoch=9; weak_macro_auc_12=0.8036140422002819; auxiliary_11_auc=0.7866698642184893; bce_best_epoch=7; actual_updates=16930; opportunities=16940; amp_skips=10; gold disabled; public unmeasured; runtime includes cache preflight and source verification; imports excluded
r001-bn-rank50-fold0,scored,posthoc fixed equal-rank blend after BN tradeoff review,,20261002,0,vmohitrao Dataset3; CC BY-NC4.0; non-commercial research,0.6257563351469493,,0.749,Version3; submitted scriptVersionId=355188174,,retain as secondary scored baseline; prioritize public pretrained candidate over additional ResNet18 training,components=e008 epoch8 and e009 epoch9; weights=0.5/0.5 fixed; no coefficient or target-weight search; weak_macro_auc_12=0.8302493068964057; auxiliary_11_auc=0.8157265166142609; uncalibrated rank-score BCE; no new training runtime; gold not used; official API COMPLETE; submission_ref=56826389; submitted 2026-10-04T14:27:19.083Z; checked 2026-10-05; historical Input versions and hidden-test runtime unknown; local bundle and artificial contracts ready
p002-dinosaur-v32-current-pins-v1,scored,Evaluate pinned public V32 final V6 inference vs p001 0.924,experiments/p002-handoff-20261005.json,,,public pretrained assets; provenance audited separately,,,0.937,Version1; submitted scriptVersionId=355324155,,new primary scored baseline; retain immutable successful source; compare p003 once,official SDK COMPLETE ref=56840796 verified 2026-10-05; all16 saved cell sources match handoff; 47 input hashes verified in visible saved-run receipt; visible3 guard runtime164.699s; user-reported approximately8h elapsed is not verified hidden inference duration; gold not used by our fitting; original source and successful handoff now Git-tracked; see experiments/p002-scored-20261005.json
p003-haideptry-v2-current-pins-20261005,hidden_rerun_exception,replace public candidate as one frozen recipe; no causal single-component claim,experiments/p003-handoff-20261005.json,,,,,,,Version1; submitted scriptVersionId=355483987,,retain source; diagnose exception and compare isolated scheduling change,ref56855132 verified2026-10-06; API COMPLETE with errorDescription and null score; UI Notebook Threw Exception; nine-hour timeout unconfirmed; visible3 READY passed332.006s; hidden time unknown; author0.943 only; see experiments/p003-failure-review-20261006.json
p002-a5-precision-probe-20261005,prepared_not_executed,change A5 precision only on fixed64-study cache,notebooks/public/03_a5_precision_probe.ipynb,,,,,,,,,manual Kaggle execution is the next step,BF16/FP16/FP32;5 fixed folds;3 repeats; label-free numerical/runtime diagnosis; no automatic adoption
p003-profile64-20261005,profile_complete_user_output_reviewed,measure full p003 recipe above48-study scheduling threshold,notebooks/public/04_profile_p003_64.ipynb,20261005,,,,,,,1427.762560537,proceed to unchanged p003 saved run; manual submission after READY,user-provided profile JSON reviewed 2026-10-05;64 train studies;366 series;T4x2;DINO20 parity max_abs0;4 CoAt sequential;completion gates passed per emitted status;no labels or OOF/score claim;source hash maps match;raw outputs and saved version not independently checked;see experiments/p003-profile-review-20261005.json
p003-native-raptor-interleave-v1-20261006,profile_complete_user_output_reviewed,interleave GPU1 native Raptor arms by study to reuse decoded pixels,notebooks/public/05_submit_p003_speed.ipynb,20261005,,,,,,,1832.3586145840002,profile parity valid; subsequent05 submission failed; hold unchanged resubmission,provided summary audited2026-10-06;64studies366seriesT4x2;native input/raw/rank exact;CoAt4 fallback0;profile CSV reported hash equals old04;reference423.724s included;rough subtraction1408.635s vs old1427.763s is not measured speedup;native peak reserved1.551GiB;hidden exception time and Public unverified;see experiments/p003-speed-profile-review-20261006.json; subsequent ref56870280 scriptVersionId355633504 hidden exception confirmed; see experiments/p003-second-failure-review-20261006.json
f001-dinov2-frozen-fold0,completed_weak_validated,establish generic frozen high-resolution features with mean aggregation,configs/experiments/f001-dinov2-frozen.json,20261002,0,vmohitrao Dataset3; CC BY-NC4.0,0.3324748722565451,,,,164.68117870000424,retain mean baseline; repeat paired fold1,392px generic frozenDINOv2;fixed4207featurecache;12epochs212updates each;RTX4090;train3386valid821;BCE selectedepoch11;weakAUC12=0.7708652311247572;aux11=0.8000347975906442;117audit checks;source inputs and environment match;gold not evaluated or selected;no Public;run=artifacts/runs/f001-dinov2-frozen-fold0;see experiments/f001-f002-fold0-review-20261006.json
f002-dinov2-attention-fold0,completed_weak_validated,change mean aggregation to finding-specific attention only,configs/experiments/f002-dinov2-attention.json,20261002,0,vmohitrao Dataset3; CC BY-NC4.0,0.31913023519697087,,,,179.8933283999795,provisional attention candidate; paired fold1 before adoption or07,392px generic frozenDINOv2;fixed4207featurecache;12epochs212updates each;RTX4090;train3386valid821;BCE selectedepoch11;weakAUC12=0.8132902074673399;aux11=0.8117711354189162;117audit checks;source inputs and environment match;gold not evaluated or selected;no Public;run=artifacts/runs/f002-dinov2-attention-fold0;see experiments/f001-f002-fold0-review-20261006.json
f001-frozen-features-pilot32-20261006,pilot_complete_user_output_reviewed,check native392 generic DINOv2 feature extraction on fixed32 training studies,configs/experiments/f001-dinov2-frozen.json,20261002,0,vmohitrao Dataset3; fold0 training partition only,,,,,83.01774153899999,proceed to full4207 feature export with PILOTFalse and1shard then verify before training,complete limited32;96series2953centers;physical order all;T4;2152567payloadbytes;21metadata checks;package config source and pilotCSV hashes match;user reports no obvious visual distortion;rawNPZ and saved Kaggle version unverified;3.032h283MB linear estimate excludes setup and is not guarantee;see experiments/f001-pilot-review-20261006.json
p003-native-raptor-interleave-submission-20261006,hidden_rerun_exception,test profile-validated unchanged mathematical recipe in hidden serving,notebooks/public/05_submit_p003_speed.ipynb,,,,,,,Version1; submitted scriptVersionId=355633504,256.538361281,hold unchanged05; retain scored p0020.937; diagnose scale and added CoAt branches,ref56870280 submitted2026-10-06T04:31:47.710Z; errorDescription present Public null; saved source all cells match local05; visible3 READY passed4CoAt fallback0; runtime column is visible guard timer not hidden runtime; user reports failure after4h wall time; hidden traceback and cause unresolved; no confirmed9h timeout or fix; see experiments/p003-second-failure-review-20261006.json
f001-frozen-features-full4207-20261006,features_downloaded_verified,complete fixed full weak feature cache after pilot; unchanged frozen generic encoder and preprocessing,configs/experiments/f001-dinov2-frozen.json,20261002,,vmohitrao Dataset3; fixed weak4207; gold excluded; label-free encoding,,,,Version2; output scriptVersionId=355640726,12548.213008387,ready for local f001/f002 paired head training; no06 rerun required,rsraki/notebookbd6efc1cf7;complete limitedFalse1shard;12621series386196centers;NPZ281589228bytes;26metadata checks;all4207payload size SHA256 shape dtype finite mask fingerprint verified;data/features/f001-weak-sv355640726;fold0 train3386valid821;head not trained no weak metrics/Public;runtime column is Kaggle extraction timer;transfer193.359s;see experiments/f001-full-feature-review-20261006.json
f001-f002-paired-fold0-review-20261006,comparison_verified_provisional,compare mean versus finding-specific attention on unchanged features and fixed weak fold0,experiments/f001-f002-fold0-review-20261006.json,20261002,0,vmohitrao Dataset3; CC BY-NC4.0; fixed report weak,,,,,,provisional f002; confirm paired fold1; keep p002Public0.937,AUC12delta+0.042424976;aux11delta+0.011736338;9of12improved;Synovitis negative1 explains74.64percent of12gain;MCLpositive11 delta-0.097808442;paired812group bootstrap3000 seed20261006 aux11CI[-0.002762089 +0.024256004];12CI conditions on1873defined draws;selection on samefold not covered;no Public claim;see experiments/f001-f002-fold0-bootstrap-20261006.json
f001-dinov2-frozen-fold1,completed_weak_validated,repeat f001 mean baseline on fixed fold1 as paired stability check,configs/experiments/f001-dinov2-frozen.json,20261002,1,vmohitrao Dataset3; CC BY-NC4.0,0.3342345956852802,,,,190.74393549998058,retain mean baseline; attention advances to single Kaggle candidate,same4207features;12epochs208updates each;RTX4090;train3316valid891;seed20261002;BCE selectedepoch12;weakAUC12=0.7925708578139519;aux11=0.7830857342975069;121audit checks;24epoch CSVs and CPU best/last verified;gold not trained/evaluated/selected;own Public unmeasured;run=artifacts/runs/f001-dinov2-frozen-fold1;see experiments/f001-f002-fold1-review-20261006.json
f002-dinov2-attention-fold1,completed_weak_validated,confirm attention-minus-mean direction and MCL/Synovitis tradeoff on fixed fold1,configs/experiments/f002-dinov2-attention.json,20261002,1,vmohitrao Dataset3; CC BY-NC4.0,0.31746868302813663,,,,198.85277629998745,attention gain repeats on fold1; candidate07 uses fixed fold0 selected epoch11,same4207features;12epochs208updates each;RTX4090;train3316valid891;seed20261002;BCE selectedepoch12;weakAUC12=0.8154302698313463;aux11=0.808135739534852;121audit checks;24epoch CSVs and CPU best/last verified;gold not trained/evaluated/selected;own Public unmeasured;run=artifacts/runs/f002-dinov2-attention-fold1;see experiments/f001-f002-fold1-review-20261006.json
f001-f002-paired-fold1-review-20261006,comparison_verified_attention_serving_candidate,confirm paired attention improvement without relying on fold0 rare-negative Synovitis,experiments/f001-f002-fold1-review-20261006.json,20261002,1,vmohitrao Dataset3; CC BY-NC4.0; fixed report weak,,,,,,advance f002 single serving; retain p002Public0.937; no classwise tuning or epoch/label change,AUC12delta+0.022859412;aux11delta+0.025050005;BCEdelta-0.016765913;9of12improved;Synovitisdelta-0.001237113;MCLpositive16 delta-0.027410714 and PF OA delta-0.024349751 both folds worse;861group pairedbootstrap3000 seed20261006 aux11CI[+0.012249187 +0.037048488] and12CI[+0.010083240 +0.035736371];all draws defined;checkpoint selection uncertainty and patient independence outside interval;Public unknown;see experiments/f001-f002-fold1-bootstrap-20261006.json
f002-fold0-single-serving-20261006,prepared_artificial_cuda_verified,measure independent attention head serving time and own Public after pairedfold0/1 improvement,configs/experiments/f002-dinov2-attention.json,20261002,0,vmohitrao Dataset3; CC BY-NC4.0; gold excluded,,,,,,user uploads small private head Input and imports configured07; measure saved-run time/receipt then manual submission,fixedfold0BCEselectedepoch11 before Public;fold1 only stability not higher-fold-score selector;317253byte ZIP only best/config/provenance;existing encoder/code Input reused;notebook codecells compile and outputs empty;artificial2study RTX4090 actualhead Reportfree submission passes;wrongcheckpoint and extractionfailure rejected with phase traceback;no real encoder or MRI inference/training/upload/submission;Public blank;see experiments/f002-fold0-single-handoff-20261006.json
f002-fold0-single-visible-v1-20261007,saved_run_failed_gpu_disabled,measure independent f002 head inference time and own Public,configs/experiments/f002-dinov2-attention.json,20261002,0,vmohitrao Dataset3; CC BY-NC4.0; gold excluded,,,,rsraki/notebookdd86797040 Version1,,keep source/Inputs; enable T4 GPU and Internet OFF; save and run all as new version before submission,API ERROR;GPUfalseInternettrueMachineNone;3expectedInputrefs present;all5 sourcecells match prepared07;In1 AssertionError CUDA GPU required;log failure marker16.2488seconds not inference runtime;Output0;summary andsubmission absent;head andencoder not loaded;no MRI inference/Public;no retraining or newInputupload needed for this failure;no codechange;see experiments/f002-saved-run-failure-review-20261007.json
f002-fold0-single-visible-v2-20261007,visible_inference_verified_ready_manual_submission,measure independent f002 head serving time and own Public,configs/experiments/f002-dinov2-attention.json,20261002,0,vmohitrao Dataset3; CC BY-NC4.0; gold excluded,,,,rsraki/notebookdd86797040 Version2; scriptVersionId355923367,31.786593746999984,user manually submits saved Version2 submission.csv; retain p002Public0.937; no retraining or mixing now,API COMPLETE;GPUtrueInternetfalseT4;5 sourcecells unchanged;attached summary bytes match saved Output;19checks;visible3 test9series;checkpointfold0epoch11 SHA and featurecontract match;CSV12targets36finite scores UID/order/hash verified;preflight0.1434s extract31.2499s head0.3927s;runtime column infercell31.7866s excludes imports/runtime startup;Output8;GPU-disabled Version1 failure resolved for visible run only;hiddencompletion/Public unknown;not submitted by assistant;see experiments/f002-visible-inference-review-20261007.json
f002-fold0-single-submission-20261007,hidden_rerun_exception_no_score,Measure own Public and hidden completion of unchanged f002 single,configs/experiments/f002-dinov2-attention.json,20261002,0,vmohitrao Dataset3; fixed report weak; gold excluded,,,,rsraki/notebookdd86797040 Version2; scriptVersionId355923367,,Retain p002Public0.937; diagnose with08 before09; root cause unconfirmed,User submitted ref56897486 Version2script355923367 at02:16:41Z; checked04:04:22Z COMPLETE with unhandled-error description and Publicnull; no private traceback/runtime; visible T4/InternetOFF source verified; see experiments/f002-hidden-failure-review-20261007.json
f003-dinov2-attention24-fold0,completed_weak_validated,Change only training limit12to24 versus f002; test schedule boundary at fold1,configs/experiments/f003-dinov2-attention24.json,20261002,0,vmohitrao Dataset3; fixed report weak; gold excluded,0.3162323486431327,,,,355.92052220000187,Fold0 improves; fold1 selected predictions unchanged; no automatic serving promotion,User completed24epochs RTX4090; selectedepoch15; weakAUC12=0.8230599111025677;aux11=0.820610812111892; first12prediction bytes equal f002;136auditchecks total;goldunused; fittingtime excludes cache preflight; run=artifacts/runs/f003-dinov2-attention24-fold0; see experiments/f002-f003-fold01-review-20261007.json
f003-dinov2-attention24-fold1,completed_weak_validated,Change only training limit12to24 versus f002; test schedule boundary at fold1,configs/experiments/f003-dinov2-attention24.json,20261002,1,vmohitrao Dataset3; fixed report weak; gold excluded,0.31746868302813663,,,,358.1348997000023,Fold0 improves; fold1 selected predictions unchanged; no automatic serving promotion,User completed24epochs RTX4090; selectedepoch12; weakAUC12=0.8154302698313463;aux11=0.808135739534852; first12prediction bytes equal f002;136auditchecks total;goldunused; fittingtime excludes cache preflight; run=artifacts/runs/f003-dinov2-attention24-fold1; see experiments/f002-f003-fold01-review-20261007.json
f002-hidden-serving-review-20261007,root_cause_unconfirmed_diagnostics_prepared,Find input-dependent hidden exception before changing model weights,configs/experiments/f002-dinov2-attention.json,20261002,0,,,,,failedVersion2 script355923367; new08/09 locally prepared only,,Profile08 then run09 and manually submit after contracts pass,No score/private traceback; source16unchanged fixedcheckpoint; pinned offline decoder Input; streaming removes NPZ staging;21focused tests and fullshape17artificial4090head parity max1.192e-7;Windows4compressedphantoms exact;KaggleLinux/private unverified; see experiments/f002-hidden-failure-review-20261007.json
f002-f003-paired-fold01-review-20261007,verified_no_consistent_extension_gain,Evaluate12to24 extension using both fixed BCE-selected folds,experiments/f002-f003-fold01-review-20261007.json,20261002,0/1,vmohitrao Dataset3; fixed report weak; gold excluded,,,,,,Keep f002 head fixed for serving diagnosis; prepare dropout-only comparison,"fold0aux11delta+.00883968 groupbootstrap3000CI[+.00151671,+.01684427];fold1selectedtensors/predictions equal;lateBCE rises onboth;not independentholdout/Public; epochAUC not usedforselection"
training-report-evidence-20261007,150queue_30preliminary_cells_no_label_change,Inspect MCL/PFOA/Effusion/Synovitis text thresholds before teacher changes,experiments/training-report-evidence-review-20261007.json,20261006,2/3/4 protected0/1,vmohitrao Dataset3; fixed report weak; gold excluded,,,,,,Second-check30cells and freeze threshold/language rules before a teacher-only candidate,150studies1800cells;MCL9PFOA7Effusion7Synovitis7 reviewed;17unresolved not errorrate;gold0holdout0;exacttext evidence privateartifacts;teacher unchanged;patients unverified
f002-streaming-serving-20261007,prepared_artificial_cuda_and_decoder_verified,Reduce disk staging and diagnose data-dependent serving failures with fixed weights,configs/experiments/f002-dinov2-attention.json,20261002,0,vmohitrao Dataset3; fixed report weak; gold excluded,,,,,,User adds decoderprivateInput and runs08 first;09/private success unverified,08selectionseed20261007 weak256;09alltest;Reportfree;fallback0skip0 noautomaticupload/submit; packagev3; decoderZIPv2 directory5.33MB; runtime/Notebook hashes pinned; LinuxPy313 synthetic decoder check required
f004-dinov2-attention24-dropout40-fold0,prepared_not_executed,Only dropout0.2to0.4 versus completedf00324; test late validationBCE deterioration,configs/experiments/f004-dinov2-attention24-dropout40.json,20261002,0,vmohitrao Dataset3; fixed report weak; gold excluded,,,,,,Optional local bounded comparison; evaluate bothfolds versusf003; do not change09 head,newoutput=artifacts/runs/f004-dinov2-attention24-dropout40-fold0; config/source/inputs/env pinned;featurecontract unchanged;noactualtraining; see experiments/f004-dropout40-plan-20261007.json
f004-dinov2-attention24-dropout40-fold1,prepared_not_executed,Only dropout0.2to0.4 versus completedf00324; test late validationBCE deterioration,configs/experiments/f004-dinov2-attention24-dropout40.json,20261002,1,vmohitrao Dataset3; fixed report weak; gold excluded,,,,,,Optional local bounded comparison; evaluate bothfolds versusf003; do not change09 head,newoutput=artifacts/runs/f004-dinov2-attention24-dropout40-fold1; config/source/inputs/env pinned;featurecontract unchanged;noactualtraining; see experiments/f004-dropout40-plan-20261007.json
f002-profile256-visible-v1-mount-failure-20261007,pre_python_head_dataset_mount_failed,Diagnose platform Input startup failure independently of prior hidden inference exception,configs/experiments/f002-dinov2-attention.json,20261002,0,vmohitrao Dataset3; fixed weak; gold excluded; no inference started,,,,rsraki/notebook245423d388 Version1; mount logscript355951711,,Fresh session headreattach version1 then unchanged08 retry; if repeated CPU-only08a; no learning/code/model change,OfficialSDK13:53JST ERROR mountdata;Output0 pythonlog=[];all08cells match;fourInputs GPUtrueInternetfalse;headDataset12402506internalversion20385564 APIreadyV1 threefilemetadata;managedsource mkdir readonly;root host/cache cause unknown;CPU probe prepared/unexecuted; see experiments/f002-input-mount-failure-review-20261007.json
f002-head-mount-probe-success-20261007,user_output_head_mount_and_hash_verified,Check originalhead mount and bytes separately from failedGPU08 startup,configs/experiments/f002-dinov2-attention.json,20261002,0,vmohitrao Dataset3; fixedweak; no model or data inference,,,,08a userJSON; saved notebook ref/version unknown,,Return to unchanged08 original4Inputs freshGPU InternetOFF; review256summary before09,Suppliedpassed/complete originalheadslug modernmount Python3.13.15;3filebytes/SHA match immutableZIP;model_loadedfalse trainingfalse;GPUmount decoderMRI/private unverified; no headreupload needed; see experiments/f002-head-mount-success-review-20261007.json
f002-streaming-profile256-visible-v2-20261007,profile256_saved_source_and_csv_verified,Verify fixedf002 streaming256 MRI inference and offline decoders before09,configs/experiments/f002-dinov2-attention.json,20261002,0,fixedweak UIDprofile goldexcluded; no learning or accuracy evaluation,,,,rsraki/notebook245423d388 Version2 script355957807,748.383202601,Advance to09 separateprivate freshGPU run; confirm CSV then manualsubmission,OfficialSDKCOMPLETE GPUtrueInternetfalse;prepared08allcells match;attachment=savedOutput;32checks;256UIDorder12targetsCSV independentlyverified;skip0fallback0;768firstheadersuncompressed;4compressedphantoms exact;T4 torchpeak364MiB CPUpeak4.426GiB;runtime infercell excludes setup/queue;oldhiddenexception unresolved; see experiments/f002-streaming-profile-review-20261007.json
f002-streaming09-recurrent-mount-failure-20261007,pre_python_same_head_dataset_mount_failed_again,Separate recurrent platform headInput startup failure from hidden inference and accuracy,configs/experiments/f002-dinov2-attention.json,20261002,0,fixedweak; goldexcluded; no Python inference started,,,,rsraki/notebook6372fe6490 Version1 script355963229,,Remove failinghead Input dependency with byteidentical embedded10; do not repeat09 unchanged,OfficialSDK14:58JST ERROR Output0 log[];all09cells4InputsGPUtrueInternetfalse;Dataset12402506/internalversion20385564 sameReadOnlymkdir;CPU355955526/GPU256355957807 success betweenfailures;21checks;no exactbackend/globaloutage/privatecause proved;ownp0020.937 retained; see experiments/f002-recurrent-mount-review-20261007.json
f002-embedded-head-serving10-20261007,prepared_integrity_artificial_cuda_verified_Kaggle_unexecuted,Change onlyhead delivery to remove the repeatedly failing separateDataset mount,configs/experiments/f002-dinov2-attention.json,20261002,0,fixedweak; BCEselectedepoch11; goldexcluded,,,,,,UserImport10 newprivateNotebook with3Inputs nooldhead T4x2InternetOFF; summarythenmanualsameversionsubmit,10size497221byteSHA8ca99ca50a5ddd60eef67ce7ec5a1c606d23194686b515e94f481b97680dc8ba;checkpoint189ecab25e0d1c029e974ee23f3c46239e5eceef290b5dca33f6831dcb8e1b03;3files exact;09cells/inference fixed16core unchanged;6testsRuff artificial17GPU maxdiff0 root16checks;othermounts/privatefailures stillunverified; GitignoredweightNotebook; see experiments/f002-embedded-head-handoff-20261007.json
p003-stress256-diagnostic-preparation-20261007,static_audited_artificial_tested_not_executed,Exercise previously untested DINOmemmap>=133 and observe modelerror/scale paths without changing prediction math,experiments/p003-scale-audit-20261007.json,20261005,label-free train diagnostic; no holdout accuracy,Report/findinglabels unused; fixed public weights; possible publictraining exposure,,,,,,Independent11 diagnosis afterprimary10 or withGPUquota; inspectstresssummary/events/log; do notsubmitprofileCSV or auto-repeat05,11size398454SHA d6ea88692faa5957712efa812ce86eb5505ace3947361e36b4ed1ff266e77308;all22inferencecells and14Inputs same05;referenceOFF;DINO2561.938GiBmemmap;Rad669/892notreached;11artificialtestsRuff;v1v2/missingcgroup separate frommodelcompletion;authorpartialCoAtpolicy vsaddedguard audited;nohiddenrootcause/Public0.943proved; realMRI/GPUstressnotrun
